program count,Institution,id,CIP Code,link,coursework,Program,graduation requirement,internship,location,pathway,duration,program type,institution type
1,University of Southern California,164,both to 0702,https://gis.usc.edu/programs/masters-geographic-information-science-and-technology/,,MS Geographic Information Science and Technology ,thesis,/,on-site,/,2 years,research,>1 GIS Program
2,University of Southern California,164,,https://gis.usc.edu/programs/masters-geodesign-environment-health/,,"MS Geodesign, Environment and Health",non-thesis (capstone project),/,on-site,/,2 years,professional,>1 GIS Program
3,University of Southern California,164,,https://gis.usc.edu/curriculum/#msseda,,MS Spatial Economics and Data Analysis,non-thesis (coursework),/,on-site,/,2 years,professional,>1 GIS Program
4,University of Southern California,164,,https://gis.usc.edu/curriculum/#mssds,,MS Spatial Data Science,non-thesis (coursework),/,on-site,/,2 years,professional,>1 GIS Program
5,University of Southern California,164,,https://gis.usc.edu/curriculum/#hsgi,,MS Human Security and Geospatial Intelligence,non-thesis (capstone project),/,on-site,/,2 years,professional,>1 GIS Program
6,University of Southern California,164,,https://gis.usc.edu/curriculum/#mgss,,MS Global Security Studies,non-thesis (report),/,on-site,/,2 years,professional,>1 GIS Program
7,Pennsylvania State University-World Campus,71,0701 to 0702,https://www.worldcampus.psu.edu/degrees-and-certificates/penn-state-online-gis-geographic-information-systems-masters-degree,,MS Geographic Information Systems,non-thesis (capstone project),/,online,/,2.5 years,professional,>1 GIS Program
8,Pennsylvania State University-World Campus,71,,https://www.worldcampus.psu.edu/degrees-and-certificates/penn-state-online-geodesign-masters-degree,https://bulletins.psu.edu/university-course-descriptions/graduate/geodz/,MPS Geodesign,non-thesis (capstone project),/,online,/,,professional,>1 GIS Program
9,Pennsylvania State University-World Campus,71,,https://www.worldcampus.psu.edu/degrees-and-certificates/penn-state-online-homeland-security-intelligence-and-geospatial-analysis-masters-degree,,MPS Homeland Security with Intelligence and Geospatial Analysis Option,non-thesis (capstone project),/,online,/,,professional,>1 GIS Program
10,Pennsylvania State University-World Campus,71,,https://www.worldcampus.psu.edu/degrees-and-certificates/penn-state-online-spatial-data-science-masters-degree,,MS Spatial Data Science,thesis or non-thesis (capstone project),/,online,/,,mixed,>1 GIS Program
11,University of Illinois Urbana-Champaign,129,0701 to both to 30&0701&0702,http://catalog.illinois.edu/graduate/las/geography-ms/,http://catalog.illinois.edu/graduate/las/geography-ms/geographic-information-science-professional-science-masters/#degreerequirementstext,MS Geography with GIS Specialization,thesis,/,on-site,/,2 years,research,>1 GIS Program
12,University of Illinois Urbana-Champaign,129,,https://psm.illinois.edu/gis/overview,http://catalog.illinois.edu/graduate/las/geography-ms/geographic-information-science-professional-science-masters/#degreerequirementstext,PSM Geographic Information Science,non-thesis (coursework),required,on-site,/,18 months,professional,>1 GIS Program
13,University of Illinois Urbana-Champaign,129,,https://gis.illinois.edu/,http://catalog.illinois.edu/graduate/las/cyberGIS-geospatial-data-science-ms/#degreerequirementstext,MS CyberGIS and Geospatial Data Science,non-thesis (coursework),/,online,/,4 terms,professional,>1 GIS Program
14,University of Maryland-College Park,138,0701 to both to 29+both to 29+0702,https://geospatial.umd.edu/education/master-science-geospatial-information-sciences,https://academiccatalog.umd.edu/graduate/programs/geospatial-information-sciences-geis/geospatial-information-sciences-ms/,MS Geospatial Information Sciences,non-thesis (capstone project),/,hybrid,yes,1.5 year,professional,>1 GIS Program
15,University of Maryland-College Park,138,,https://geospatial.umd.edu/education/master-science-geospatial-intelligence,https://academiccatalog.umd.edu/graduate/programs/geospatial-intelligence-gino-online/geospatial-intelligence-ms/,MS Geospatial Intelligence,non-thesis (capstone project),/,hybrid,yes,1.5 year,professional,>1 GIS Program
16,University of Redlands,160,- to 0702,https://www.redlands.edu/academics/graduate/master-of-science-in-geographic-information-systems,https://catalog.redlands.edu/programs/M.GIS,MS Geographic Information Systems,non-thesis (capstone project),optional,on-site,/,1/2 years,professional,>1 GIS Program
17,University of Redlands,160,,https://www.redlands.edu/academics/graduate/executive-master-of-geographic-information-systems,https://catalog.redlands.edu/programs/M.EMGIS,Executive Master of Geographic Information Systems,non-thesis (capstone project),/,online,/,,professional,>1 GIS Program
18,Calvin University,23,- to 0702 to 0702&0407,https://online.calvin.edu/programs/ms-geographic-information-science/,https://catalog.calvin.edu/preview_program.php?catoid=22&poid=12451&hl=geographic&returnto=search,MS Geographic Information Science,non-thesis (coursework),/,online,/,9-24 months,professional,>1 GIS Program
19,Calvin University,23,,https://online.calvin.edu/programs/mpa-master-public-administration/spatial-analysis-concentration/,https://online.calvin.edu/programs/mpa-master-public-administration/courses/,MPA Spatial Analysis Concentration,non-thesis (coursework),/,online,/,36 cr,professional,>1 GIS Program
20,Temple University,91,- to 0702,https://bulletin.temple.edu/graduate/scd/cla/geographic-information-systems-psm/,,PSM Geographic Information Systems,non-thesis (capstone project and intern),required,on-site,/,12-36 months,professional,>1 GIS Program
21,Temple University,91,,https://bulletin.temple.edu/graduate/scd/cla/geospatial-data-science-psm/#programrequirementstext,,PSM Geospatial Data Science,non-thesis (capstone project and intern),required,on-site,/,12-36 months,professional,>1 GIS Program
22,University of Wisconsin-Madison,172,both,https://geography.wisc.edu/research-graduate-programs/,,MS Cartography and Geographic Information Systems,thesis,/,on-site,/,2 years,research,>1 GIS Program
23,University of Wisconsin-Madison,172,,https://geography.wisc.edu/gis/,,Accelerated MS Cartography & GIS,non-thesis (capstone project),/,on-site,/,1 year,professional,>1 GIS Program
24,University of Wisconsin-Madison,172,,https://geography.wisc.edu/gis/onlinemasters/,,MS Cartography & GIS - GIS Development,non-thesis (capstone project),/,online,/,1 year,professional,>1 GIS Program
25,Georgia Institute of Technology-Main Campus,40,- to 0702,https://planning.gatech.edu/master-science-geographic-information-science-technology,https://catalog.gatech.edu/programs/gist-ms/#requirementstext,MS Geographic Information Systems Technology,non-thesis (capstone project),/,on-site,/,34 cr 1 year,professional,>1 GIS Program
26,Georgia Institute of Technology-Main Campus,40,,https://planning.gatech.edu/master-science-urban-analytics,https://catalog.gatech.edu/programs/urban-analytics-ms/#requirementstext,MS Urban Analytics,non-thesis (capstone project),,on-site,/,30 cr,professional,>1 GIS Program
27,George Mason University,38,both,https://science.gmu.edu/academics/departments-units/geography-geoinformation-science/geographic-and-cartographic-science-ms,https://catalog.gmu.edu/colleges-schools/science/geography-geoinformation-science/geographic-cartographic-sciences-ms/#requirementstext,MS Geographic and Cartographic Science,thesis or non-thesis (exam),,on-site,yes,30 cr,mixed,>1 GIS Program
28,George Mason University,38,,https://catalog.gmu.edu/colleges-schools/science/geography-geoinformation-science/geoinformatics-geospatial-intelligence-ms/,https://catalog.gmu.edu/colleges-schools/science/geography-geoinformation-science/geoinformatics-geospatial-intelligence-ms/#requirementstext,MS Geoinformatics and Geospatial Intelligence,thesis or non-thesis (research project and exam),/,on-site,yes,30 cr,mixed,>1 GIS Program
29,University at Buffalo,108,0701 to both,https://www.buffalo.edu/cas/geography/graduate-program/master-s-degree-program/ma-geography-with-a-concentration-in-gis.html,https://catalogs.buffalo.edu/preview_program.php?catoid=12&poid=5031&returnto=723,MA Geography with GIS Concentration,non-thesis (portfolio or research project),optional,on-site,/,1-2 years,professional,>1 GIS Program
30,University at Buffalo,108,,https://www.buffalo.edu/cas/geography/graduate-program/master-s-degree-program/MS_GIS.html,https://catalogs.buffalo.edu/preview_program.php?catoid=12&poid=5030&returnto=723,MS Geographic and Cartographic Science,non-thesis (portfolio or research project),optional,on-site,/,2 years,professional,>1 GIS Program
31,Florida State University,37,both,https://cosspp.fsu.edu/geography/graduate/masters-in-gis/,,MS Geographic Information Science,non-thesis (capstone project),/,on-site,yes,1 year,professional,>1 GIS Program
32,Florida State University,37,,https://cosspp.fsu.edu/geography/prospective-students/masters-in-geography/,,MS Geography,thesis or non-thesis (coursework),/,on-site,yes,2 years,mixed,>1 GIS Program
33,Kent State University at Kent,52,0701 to both,https://www.kent.edu/geography/geographic-information-science-mgisc,https://catalog.kent.edu/colleges/as/geog/geographic-information-science-mgisc/#courseworktext,MS Geographic Information Science,non-thesis (capstone project),/,online,/,2 years,professional,>1 GIS Program
34,Kent State University at Kent,52,,https://www.kent.edu/geography/geography-ms,,MS Geography,thesis,/,on-site,/,2 years,research,>1 GIS Program
35,Northern Arizona University,63,both to 0702 to both,https://nau.edu/gpr/home/gis_rs/,https://pdx.smartcatalogiq.com/en/2024-2025/bulletin/courses/geog-geography/,MS Geographic Information Science with Remote Sensing,non-thesis (capstone project),/,online,yes,1 year,professional,>1 GIS Program
36,Northern Arizona University,63,,https://nau.edu/gpr/home/degrees-programs/graduate-degrees-certificates/ms-geography/,,MS Geography,thesis or non-thesis (intern and project),optional,on-site,yes,2 years,mixed,>1 GIS Program
37,Portland State University,72,0701 to both,https://www.pdx.edu/geography/program-details-ms-gis,,MS Geographic Information Science,non-thesis (capstone project),/,online,yes,45 cr,professional,>1 GIS Program
38,Portland State University,72,,https://www.pdx.edu/academics/programs/graduate/geography,,MS Geography,thesis or non-thesis (research project and exam),/,on-site,yes,45 cr,mixed,>1 GIS Program
39,Texas State University,94,both,https://www.gradcollege.txst.edu/programs/gis.html,https://mycatalog.txstate.edu/graduate/liberal-arts/geography/geographic-information-science-mageo/#coursestext,MA Geographic Information Science,non-thesis (research paper),optional,hybrid,/,33 cr,professional,>1 GIS Program
40,Texas State University,94,,https://www.uwyo.edu/wygisc/academics/graduate-programs/research-masters-degree.html,,MS Geospatial Information Science and Technology,thesis,/,on-site,/,2 years,research,>1 GIS Program
41,University of Arizona,111,both,https://gis.arizona.edu/masters-gist,https://gis.arizona.edu/ms-gist-person-online-courses-and-requirements,MS Geospatial Information Systems Technology,non-thesis (capstone project),/,hybrid,/,1 year,professional,>1 GIS Program
42,University of Arizona,111,,https://geography.arizona.edu/maphd-program/ma-requirements,,MA Geography,thesis or non-thesis (exam),/,on-site,/,2 years,mixed,>1 GIS Program
43,University of Minnesota-Twin Cities,142,both,https://cla.umn.edu/mgis/about/program-overview,,MS Geographic and Cartographic Science,non-thesis (portfolio),optional,on-site,/,30 cr,professional,>1 GIS Program
44,University of Minnesota-Twin Cities,142,,https://umtc.catalog.prod.coursedog.com/programs/034830417,,MA Geography with GIS Concentration,thesis,/,on-site,/,2 years,research,>1 GIS Program
45,University of Wyoming,174,0701 to both,https://www.uwyo.edu/uw/degree-programs/gist-ms-research.html,,MS Geospatial Information Science and Technology,thesis,/,on-site,/,2 years,research,>1 GIS Program
46,University of Wyoming,174,,"https://www.uwyo.edu/uw/degree-programs/gist-ms-professional.html#:~:text=Our%20professional%20M.S.,to%20many%20fields%20of%20work.",https://acalogcatalog.uwyo.edu/preview_program.php?catoid=14&poid=14806&returnto=1227,PMS Geospatial Information Science and Technology,non-thesis (capstone project),/,online,/,33 cr,professional,>1 GIS Program
47,West Virginia University,178,only 0701,http://catalog.wvu.edu/graduate/eberlycollegeofartsandsciences/gis_spatial_analysis/,http://catalog.wvu.edu/graduate/eberlycollegeofartsandsciences/gis_spatial_analysis/#masterstext,MS GIS and Spatial Analysis,non-thesis (portfolio project),/,online,/,,professional,>1 GIS Program
48,West Virginia University,178,,http://catalog.wvu.edu/graduate/eberlycollegeofartsandsciences/geologyandgeography/ma/,,MA Geography with GIS Specialization,thesis,/,on-site,/,,research,>1 GIS Program
49,University of North Dakota,153,only 0701,https://und.edu/programs/geographic-information-science-psm/index.html,,Professional Science Master's (PSM) in GISc (online),non-thesis (intern),required for professional track,online,/,2 years,professional,>1 GIS Program
50,University of North Dakota,153,,https://und.edu/programs/geography-ms/index.html,,MS Geography,thesis or non-thesis (independent research and exam),/,on-site,/,2 years,research,>1 GIS Program
51,Ohio State University-Main Campus,66,only 0701,https://gpadmissions.osu.edu/programs/program.aspx?prog=0097,,MA Geography with GIS and Spatial Analysis Specialization,thesis,/,on-site,,,research,>1 GIS Program
52,Ohio State University-Main Campus,66,,https://geography.osu.edu/mgist,https://geography.osu.edu/mgist,MS Geographic Information Science and Technology,non-thesis (capstone project),/,hybrid,,,professional,>1 GIS Program
53,University of Oklahoma-Norman Campus,156,0701 to 30&0701,https://www.ou.edu/ags/geography/academics/graduate,,MS Geography and Environmental Sustainability with Geospatial Technology Focus,thesis or non-thesis (exam),/,on-site,,,research,>1 GIS Program
54,University of Oklahoma-Norman Campus,156,,"https://engineeringtechonline.ou.edu/geo/#:~:text=Program%20Overview&text=in%20Geospatial%20Technologies*%20is%20a,the%20future%20of%20our%20planet.",,MS in Geospatial Technology,non-thesis (capstone project),/,online,,21 months,professional,>1 GIS Program
55,Arizona State University Campus Immersion,3,both,"https://degrees.apps.asu.edu/masters-phd/major/ASU00/LAGISMAS/geographic-information-systems-mas?init=false&nopassive=true#:~:text=The%20MAS%20in%20geographic%20information,in%20public%20and%20corporate%20environments.",https://catalog.apps.asu.edu/catalog/courses/courselist?campusOrOnlineSelection=A&level=grad&searchType=all&subject=GIS&term=2227,MAS Geographic Information Systems,non-thesis (intern and project),required,on-site,/,1 year,professional,1 GIS Program
56,CUNY Lehman College,15,only 0702,https://www.lehman.edu/academics/natural-social-sciences/earth-environment-geospatial-sciences/MS_GISc/,https://www.lehman.edu/media/School-of-Natural-and-Social-Sciences/EGGS-department/document/DescriptionofCoursesinMS_GIScProgram_UPDATED_10-25-2015_000-(1).pdf,PSM Geographic Information Science,thesis or non-thesis (research and intern),required for non-thesis track,hybrid,/,2 years,mixed,1 GIS Program
57,Delta State University,30,- to 0702,https://www.deltastate.edu/academics/graduate-programs/mas-geospatial-information-technologies/,https://www.deltastate.edu/PDFFiles/Academic%20Affairs/2024-2025-GR-Catalog.pdf,MAS Geospatial Information Technologies,non-thesis (capstone project),/,online,/,16 month,professional,1 GIS Program
58,Eastern Illinois University,32,only 0702,https://www.eiu.edu/psm/,https://catalog.eiu.edu/preview_program.php?catoid=47&poid=7379&hl=Geographic&returnto=search,PSM Geographic Information Science,non-thesis (intern and examination),required,online,/,32 cr,professional,1 GIS Program
59,Idaho State University,43,- to 0702,https://www.isu.edu/geotech/programs/ms-in-gis/,,MS Geographic Information Science,thesis or non-thesis (capstone exam),/,on-site,/,2 years,mixed,1 GIS Program
60,Indiana University of Pennsylvania-Main Campus,45,0701 to 0702,https://www.iup.edu/academics/find-your-degree/programs/ages/gr/geographical-sciences-and-planning-ms.html,,MS Geographical Sciences and Planning,thesis or non-thesis (portfolio),optional,on-site,/,33cr or 39cr,mixed,1 GIS Program
61,Indiana University-Indianapolis,47,- to 0702,https://liberalarts.indianapolis.iu.edu/departments/geography/current-students/graduate/master-of-science-in-geographic-information-science/,,MS Geographic Information Science,thesis or non-thesis (research paper),required,on-site,/,30 cr,mixed,1 GIS Program
62,Jacksonville State University,49,- to 0702,https://www.jsu.edu/degrees/graduate/arts-humanities-sciences/chemistry-geosciences/gist-ms.html,,MS Geographic Information Science and Technology,thesis or non-thesis (capstone project),,on-site,/,36cr,mixed,1 GIS Program
63,Johns Hopkins University,50,- to 0702 to 29&0702,https://advanced.jhu.edu/academics/graduate/ms-geographic-information-systems/,https://advanced.jhu.edu/academics/graduate/ms-geographic-information-systems/degree-details-and-courses/,MS Geographic Information Systems,non-thesis (capstone project),/,online,/,12-24 months,professional,1 GIS Program
64,Michigan Technological University,58,only 0702,https://www.mtu.edu/forest/graduate/professional/mgis/,,MS Geographic Information Science,thesis or non-thesis (report or exam),/,on-site,yes,3 semesters,mixed,1 GIS Program
65,Northeastern State University,62,- to 0702,https://academics.nsuok.edu/gps/Geography/gisgraduateprogram/Masters-in-Applied-GIS.aspx,,MS Applied GIS,thesis or non-thesis (capstone project),,on-site,/,2 years,mixed,1 GIS Program
66,Northwest Missouri State University,65,only 0702,https://online.nwmissouri.edu/programs/technology/master-of-science-geographic-information-science/,,MS Geographic Information Science,non-thesis (research project),/,online,/,14 months,professional,1 GIS Program
67,Purdue University-Main Campus,73,- to 0702,https://www.purdue.edu/online/program/masters-in-applied-geospatial-analytics/,https://polytechnic.purdue.edu/degrees/masters-applied-geospatial-analytics-online/applied-geospatial-analytics-plan-of-study,MS Applied Geospatial Analytics,non-thesis (coursework),/,online,/,24 months,professional,1 GIS Program
68,Saint Louis University,78,- to 0702,https://www.slu.edu/science-and-engineering/academics/graduate-programs/geographic-information-science-ms.php,,MS Geographic Information Science,thesis or non-thesis (research or coursework),/,on-site,/,12-24 months,mixed,1 GIS Program
69,Saint Mary's University of Minnesota,79,only 0702,https://www.smumn.edu/m-s-data-intelligence-and-geoanalytics/,https://catalog.smumn.edu/preview_program.php?catoid=43&poid=5845&returnto=2064&_gl=1*ou0ccf*_gcl_au*NzU4MzkzMzQ3LjE3NDA0NjE0MDU.*_ga*MTA3NjUwNzQ5OC4xNzQwNDYxNDA1*_ga_7ZD3RGZ2KQ*MTc0MDQ2MTQwNS4xLjAuMTc0MDQ2MTQwNS42MC4wLjA.*_ga_REXLPS5F8W*MTc0MDQ2MTQwNS4xLjAuMTc0MDQ2MTQwNS4wLjAuMA..*_ga_221XP5T8Q5*MTc0MDQ2MTQwNS4xLjAuMTc0MDQ2MTQwNS42MC4wLjA.#_ga=2.203650199.649547302.1740461405-1076507498.1740461405,MA Data Intelligence and GeoAnalytics,non-thesis (capstone project),/,online,/,12-24 months,professional,1 GIS Program
70,The University of Texas at Dallas,101,only 0702,https://epps.utdallas.edu/about/programs/geospatial-information-sciences/,,MS Geographic Information Science,thesis or non-thesis (research project),/,on-site,/,31 cr,mixed,1 GIS Program
71,University of Central Arkansas,117,- to 0702,https://uca.edu/geography/mgis/,,MS Geographic Information Systems,thesis or non-thesis (portfolio),/,online,/,30 cr,mixed,1 GIS Program
72,University of Cincinnati-Main Campus,118,0701 to both to 0702,https://online.uc.edu/masters-programs/ms-geographic-information-systems/,https://online.uc.edu/masters-programs/ms-geographic-information-systems/curriculum/#program-content,MS Geographic Information Systems,non-thesis (capstone project),/,online,/,30 cr,professional,1 GIS Program
73,University of Colorado Denver/Anschutz Medical Campus,120,- to 0702,https://engineering.ucdenver.edu/civil-engineering/research-specialty-areas/geomatics-gis,,MS/MEng Geomatics engineering & geographic information systems,thesis or non-thesis (report),/,online,/,30 cr,mixed,1 GIS Program
74,University of Iowa,132,0701 to both to 0702,https://informatics.grad.uiowa.edu/ms-program/ms-informatics-geoinformatics,https://catalog.registrar.uiowa.edu/courses/geog/,MS Geoinformatics,non-thesis (coursework),/,on-site,/,31 cr,professional,1 GIS Program
75,University of Pennsylvania,158,only 0702,https://www.design.upenn.edu/musa/about,,MS Urban Spatial Analytics,non-thesis (capstone project),/,on-site,/,9 months,professional,1 GIS Program
76,University of Pittsburgh-Pittsburgh Campus,159,0701 to both to 0702,https://www.geology.pitt.edu/graduate/professional-ms-program-gis-and-remote-sensing,https://catalog.upp.pitt.edu/search_advanced.php?cur_cat_oid=225&ecpage=10&cpage=1&ppage=1&pcpage=1&spage=1&tpage=1&search_database=Search&filter%5Bkeyword%5D=GEOL&filter%5Bexact_match%5D=1&filter%5B3%5D=1&filter%5B31%5D=1,PMS in GIS and Remote Sensing,non-thesis (intern),required,on-site,/,2 years,professional,1 GIS Program
77,University of Utah,167,both to 0702,https://ess.utah.edu/graduate/msgis.php,https://catalog.utah.edu/programs/GIS.MS,MS Geographic Information Science,non-thesis (portfolio and exam),/,on-site,/,2 years,professional,1 GIS Program
78,University of West Florida,170,- to 0702,https://catalog.uwf.edu/graduate/geographic/,https://catalog.uwf.edu/graduate/geographic/#geographicinformationscienceadministrationtext,MS Geographic Information Science Administration,non-thesis (capstone project),/,online,/,36 cr,professional,1 GIS Program
79,Boston University,10,only 0701,https://www.bu.edu/earth/graduate/ms-remote-sensing-geospatial-sciences/,https://public.mybustudent.bu.edu/psp/BUPRD/EMPLOYEE/SA/s/WEBLIB_HCX_CM.H_COURSE_CATALOG.FieldFormula.IScript_Main?,Professional MS Remote Sensing & Geospatial Sciences,non-thesis (coursework),/,on-site,/,,professional,1 GIS Program
80,Salisbury University,81,only 0701,https://www.salisbury.edu/explore-academics/programs/graduate-degree-programs/geo-info-sys-masters/,https://catalog.salisbury.edu/preview_program.php?catoid=13&poid=5910,MS Geographic Information Systems Management,non-thesis (coursework),optional,online,/,13 month,professional,1 GIS Program
81,San Jose State University,85,only 0701,https://www.sjsu.edu/urbanplanning/graduate-programs/geo-info-science-ms/index.php,,MS Geographic Information Science,non-thesis (comprehensive project),/,on-site,/,,professional,1 GIS Program
82,CUNY Hunter College,14,0701 to both,https://hunter.cuny.edu/students/admissions/graduate-admissions/school-of-arts-and-sciences/sciences-and-mathematics/ms-in-geoinformatics/,,MS Geoinformatics,thesis or non-thesis (intern),required for non-thesis track,on-site,/,4 semesters ,mixed,1 GIS Program
83,California State University-Long Beach,19,0701 to both,https://www.cpace.csulb.edu/courses/master-of-science-in-geographic-information-science,http://catalog.csulb.edu/preview_program.php?catoid=10&poid=5352&hl=%22Geographic%22&returnto=search,MS Geographic Information Science,non-thesis (capstone project),/,on-site,/,1 year,professional,1 GIS Program
84,California State University-Northridge,21,0701 to both,https://catalog.csun.edu/academics/geog/programs/ms-geographic-information-science/,,MS Geographic Information Science,thesis or non-thesis (graduate project),/,on-site,/,30 cr,mixed,1 GIS Program
85,Clark University,28,both to 3,https://www.clarku.edu/departments/geography/graduate-programs/masters-program/,,MS Geographic Information Science,thesis or non-thesis (intern),required for non-thesis track,on-site,yes,1.5-2 years,mixed,1 GIS Program
86,Eastern Michigan University,33,0701 to both,https://www.emich.edu/geography-geology/programs/geographic-information-science/index.php,,MS Geographic Information Science,thesis or non-thesis (intern and report),required for non-thesis track,on-site,/,30 cr,mixed,1 GIS Program
87,Minnesota State University-Mankato,59,0701 to both,https://hss.mnsu.edu/academic-programs/geography/graduate/geographic-information-science-ms/,,MS Geographic Information Science,thesis or non-thesis (research project or applied project),/,on-site,/,2 years,mixed,1 GIS Program
88,Salem State University,80,both,https://www.salemstate.edu/graduate/msgeo,,MS Geo-Information Science,thesis or non-thesis (capstone project),,on-site,/,30-32 cr,mixed,1 GIS Program
89,San Francisco State University,84,both,https://bulletin.sfsu.edu/colleges/science-engineering/environment/ms-geographic-information-science/,,MS Geographic Information Science,thesis or non-thesis (research project and exam),optional,on-site,/,30 cr,mixed,1 GIS Program
90,University at Albany,107,- to both,https://www.albany.edu/geographyplanning/programs/ms-geographic-information-science,https://www.albany.edu/graduate-bulletin/geography-courses.php,MS Geographic Information Science,non-thesis (capstone project),optional,hybrid,/,2 years,professional,1 GIS Program
91,University of California-Los Angeles,115,0701 to both,https://magist.gis.ucla.edu/,https://magist.gis.ucla.edu/academics/,Master of Applied Geospatial Information Systems and Technologies,non-thesis (capstone project),/,online,/,1 year,professional,1 GIS Program
92,University of Denver,123,both,https://bulletin.du.edu/graduate/schoolscollegesanddivisions/divisionofnaturalscienceandmathematics/geographyandtheenvironment/#programofstudytext,https://bulletin.du.edu/graduate/schoolscollegesanddivisions/divisionofnaturalscienceandmathematics/geographyandtheenvironment/#programofstudytext,MS Geographic Information Science,non-thesis (capstone project),/,hybrid,/,1 year,professional,1 GIS Program
93,Elmhurst University,35,- to 29 to 29&0701,https://www.elmhurst.edu/wp-content/uploads/2023/06/ElmhurstUniversity_2023_24_CATALOG_Undr_w_Grad_Full_6-14-23.pdf,,MS Geographic Information Systems,thesis or non-thesis (capstone project),required,online,/,30 cr,mixed,1 GIS Program
94,Western Illinois University,179,0701 to 0702,https://www.wiu.edu/graduate_studies/catalog/geography.php#degree,,MS GIScience and Geoenvironment,thesis or non-thesis (project or intern),optional,on-site,/,32-36 cr,mixed,1 GIS Program
95,Binghamton University,9,- to both to 0702,https://catalog.binghamton.edu/preview_program.php?catoid=2&poid=280&returnto=85,,MA Geography with Cartography and GIS track,thesis,/,on-site,yes,,research,GIS Concentration
96,Pennsylvania State University-Main Campus,70,0701 to 30&0701 to 30,https://geospatial.psu.edu/degree-programs/master-of-gis,,MS Geography,thesis,/,on-site,/,,research,GIS Concentration
97,Appalachian State University,2,only 0701,https://bulletin.appstate.edu/preview_program.php?catoid=33&poid=14652&returnto=2051,,MA Geography with GIScience Concentration,thesis or non-thesis (intern),required for project track,on-site,Yes,,mixed,GIS Concentration
98,Auburn University,6,only 0701,https://bulletin.auburn.edu/thegraduateschool/graduatedegreesoffered/geographyms_major/,,MS Geography and Environmental Studies,thesis or non-thesis (exam),/,on-site,/,,mixed,GIS Concentration
99,California State University-Fullerton,18,only 0701,https://extension.fullerton.edu/professionaldevelopment/certificates/gis,,MA Geography,thesis,/,on-site,/,,research,GIS Concentration
100,California State University-Los Angeles,20,only 0701,https://ecatalog.calstatela.edu/preview_program.php?catoid=54&poid=25502,,MS Environmental Sciences with Geospatial Science Concentration,thesis or non-thesis (research or capstone project),optional for non-thesis,on-site,/,,mixed,GIS Concentration
101,Central Connecticut State University,24,only 0701,https://www.ccsu.edu/programs/geography-ms,,MS Geography,thesis or non-thesis (exam or project),optional,hybrid,/,,mixed,GIS Concentration
102,Chicago State University,26,only 0701,https://www.csu.edu/gshaa/geography/archive_graduate.htm,,MA Geography with with Geographic Information Systems Concentration,thesis,not required,on-site,/,,research,GIS Concentration
103,George Washington University,39,only 0701,https://geography.columbian.gwu.edu/ms-geography-environment,,MS Geography and Environment,thesis or non-thesis (intern),required for project track,on-site,/,,mixed,GIS Concentration
104,Georgia Southern University,41,- to 0701,https://www.georgiasouthern.edu/degrees/masters-in-applied-geography,,Master Applied Geography,thesis or non-thesis,optional,on-site,/,,mixed,GIS Concentration
105,Georgia State University,42,only 0701,https://geosciences.gsu.edu/graduate/,,MS Geoscience with Geography Concentration,thesis or non-thesis (capstone project and exam),/,on-site,yes,,mixed,GIS Concentration
106,Indiana University-Bloomington,46,only 0701,https://geography.indiana.edu/graduate/index.html,,MS Geography with a specialization in Information System and Remote Sensing,thesis,/,on-site,/,,research,GIS Concentration
107,Kansas State University,51,only 0701,https://catalog.k-state.edu/preview_program.php?catoid=48&poid=16292,,MS Geography,thesis or non-thesis (report),/,on-site,/,,mixed,GIS Concentration
108,Liberty University,53,- to 0701,https://www.liberty.edu/online/arts-and-sciences/masters/geography/geographic-information-systems/,https://catalog.liberty.edu/graduate/colleges-schools/arts-sciences/geography-ma/geography-ma-geographic-information-systems/?_gl=1*19uss32*_ga*Mjg2OTc3ODk1LjE3MzcwMDExNjA.*_ga_N58BMEMCLX*MTc0MDUyMjcwOC4zLjAuMTc0MDUyMjcwOC42MC4wLjA.*_ga_YK8WH8QD6R*MTc0MDUyMjcwOS4zLjAuMTc0MDUyMjcxMC41OS4wLjA.*_ga_0WMY0L11KD*MTc0MDUyMjcxMC4zLjEuMTc0MDUyMjc0NC4yNi4wLjA.*_gcl_au*MjAxNjAzNjk1Mi4xNzM3MDAxMTYw*_ga_T1DG1LRPCP*MTc0MDUyMjcxMC4zLjAuMTc0MDUyMjcxMC42MC4wLjA.,MA Geography with GIS Concentration ,non-thesis (coursework),/,online,/,,professional,GIS Concentration
109,Louisiana State University and Agricultural & Mechanical College,54,0701 to 30&0701,https://www.lsu.edu/ga/programs/msgeography.php,,MS Geography with GIS concentration,thesis,/,on-site,/,,research,GIS Concentration
110,Marshall University,55,only 0701,https://catalog.marshall.edu/graduate/programs-az/liberal-arts/geography-ms/,,MS Geography,thesis or non-thesis (portfolio),optional,on-site,/,,mixed,GIS Concentration
111,Miami University-Oxford,56,only 0701,https://miamioh.edu/cas/graduate-programs/geography/index.html,,MA Geography,thesis or non-thesis (project),required for project track,on-site,/,,mixed,GIS Concentration
112,Michigan State University,57,both to 0701 to 30&0701,https://reg.msu.edu/AcademicPrograms/ProgramDetail.aspx?Program=GEOGRAP_MS,,MS Geography,thesis or non-thesis (exam),/,on-site,/,,mixed,GIS Concentration
113,New Mexico State University-Main Campus,60,only 0701,https://geography.nmsu.edu/masters-program/degrees-offered.html,,Master of Applied Geography,thesis or non-thesis (report and exam),/,on-site,/,,mixed,GIS Concentration
114,Northern Illinois University,64,only 0701,https://www.niu.edu/earth-atmosphere-environment/graduate/index.shtml,,"MS Earth, Atmosphere and Environment",thesis or non-thesis (exam),/,on-site,/,,mixed,GIS Concentration
115,Oklahoma State University-Main Campus,68,only 0701,https://go.okstate.edu/graduate-academics/programs/masters/geography-ms.html,,MS Geography,thesis or non-thesis (project),/,on-site,/,,mixed,GIS Concentration
116,Rutgers University-New Brunswick,74,only 0701,"https://grad.rutgers.edu/academics/programs/geography#:~:text=Program%20Description&text=The%20MA%2FMS%20in%20Geography,and%20foster%20strong%20interdisciplinary%20ties.",,MS/MA Geography,thesis or non-thesis (exam),/,on-site,/,,research,GIS Concentration
117,San Diego State University,83,only 0701,https://geography.sdsu.edu/masters/requirements,,MS Geography with GIScience Concentration,thesis,/,on-site,/,,research,GIS Concentration
118,Southern Illinois University-Carbondale,87,only 0701,https://academics.siu.edu/earth-systems-sustainability/geography/masters/,,MS Geography and Environmental Resources with GIS Concentration,thesis,/,on-site,/,,research,GIS Concentration
119,Southern Illinois University-Edwardsville,88,only 0701,https://www.siue.edu/arts-and-sciences/geography/graduate/,,MS Geography with GIS Concentration,thesis or non-thesis (research project),/,on-site,/,,mixed,GIS Concentration
120,Syracuse University,90,only 0701,https://courses.syracuse.edu/preview_program.php?catoid=39&poid=19805&returnto=4871&redirect,,MA Geography with Geospatial Technologies Concentration,thesis,/,on-site,/,,research,GIS Concentration
121,Texas A & M University-College Station,93,only 0701,https://catalog.tamu.edu/graduate/colleges-schools-interdisciplinary/arts-and-sciences/geography/ms/?_gl=1*1fuek4z*_gcl_au*MTkwMTc2OTg5MS4xNzM3MDAzNTcz*_ga*MzIwNDc5MjQyLjE3MzcwMDM1NzM.*_ga_SJ5GMN0ZQL*MTczODI5NjY0NS4yLjAuMTczODI5NjY0NS42MC4wLjA.#non-thesis,,MS Geography with GIS Concentration,thesis or non-thesis (exam),optional,on-site,/,,mixed,GIS Concentration
122,Texas Tech University,95,0701 to 30&0701,"https://www.depts.ttu.edu/geosciences/geog/academics/grad_advising.php#:~:text=Geography%20%26%20the%20Environment%2C%20M.S.,to%20acquire%20advanced%20employment%20skills.",,MS Geography & the Environment with GIS Concentration,thesis or non-thesis (project),/,on-site,/,,mixed,GIS Concentration
123,The University of Alabama,97,0701 to 30&0701,https://geography.ua.edu/graduate/,,MS Geography with Geographic Information Science Focus,thesis or non-thesis (exam),optional for non-thesis,on-site,/,,mixed,GIS Concentration
124,The University of Montana,98,only 0701,https://catalog.umt.edu/graduate/college-forestry-conservation/ms-programs/geography-ms/,,MS Geography,thesis or non-thesis (professional paper or portfolio),/,on-site,/,,mixed,GIS Concentration
125,The University of Tennessee-Knoxville,99,only 0701,https://geography.utk.edu/graduate/ms-program/,,MS Geography,thesis or non-thesis (research paper),/,on-site,no,,mixed,GIS Concentration
126,The University of Texas at Austin,100,only 0701,https://liberalarts.utexas.edu/geography/graduate-program/,,MA Geography,thesis or non-thesis (report),/,on-site,,,research,GIS Concentration
127,The University of Texas at San Antonio,102,- to 0701,https://catalog.utsa.edu/graduate/liberalfinearts/politicalscienceandgeography/#degreestext,,MA Geography and Environmental Sustainability,thesis or non-thesis (exam),/,on-site,/,,mixed,GIS Concentration
128,Towson University,104,only 0701,https://www.towson.edu/cla/departments/geography/gradgeography/,,MA Geography & Environmental Planning,thesis or non-thesis (research project),/,on-site,/,,mixed,GIS Concentration
129,University of Arkansas,112,only 0701,https://catalog.uark.edu/graduatecatalog/programsofstudy/geosciencesdepartmentofgeos/#msingeographytext,,MA Geography,thesis,/,on-site,/,,research,GIS Concentration
130,University of California-Santa Barbara,116,only 0701,https://www.geog.ucsb.edu/academics/graduate/ma,,MA Geography ,thesis,/,on-site,/,,research,GIS Concentration
131,University of Colorado Boulder,119,only 0701,https://www.colorado.edu/geography/grad-program/graduate-degrees/master-arts-degree,,MA Geography,thesis,/,on-site,no,,research,GIS Concentration
132,University of Connecticut,121,only 0701,https://geography.uconn.edu/graduate/,,MA Geography,thesis or non-thesis (research paper and exam),/,on-site,no,,research,GIS Concentration
133,University of Delaware,122,0701 to 30,https://www.udel.edu/academics/colleges/ceoe/departments/gss/degrees/geography/,,MA/MS Geography,thesis,/,on-site,no,,research,GIS Concentration
134,University of Florida,124,only 0701,https://gradcatalog.ufl.edu/graduate/colleges-departments/liberal-arts-sciences/geography/geography/#degreesofferedtext,,MA/MS with GIS Concentration,thesis,/,on-site,no,,research,GIS Concentration
135,University of Georgia,125,only 0701,https://geography.uga.edu/mams-degree-requirements,,MA/MS with GIS Specialization,thesis,/,on-site,no,,research,GIS Concentration
136,University of Hawaii at Manoa,126,0701 to 30&0701,https://geography.manoa.hawaii.edu/geog-ma-handbook/?_gl=1*tpp9h5*_ga*NzQyODc0OTgxLjE3MzgzMDE3MTM.*_ga_SZTNE4LB2X*MTczODMwMTcxMy4xLjAuMTczODMwMTcxMy4wLjAuMA..,,MA Geography with Geospatial Technologies Concentration,thesis,/,on-site,no,,research,GIS Concentration
137,University of Idaho,127,0701 to 29&0701,https://www.uidaho.edu/sci/ess/ms-geography,,MA Geography,thesis or non-thesis (project),/,hybrid,/,,mixed,GIS Concentration
138,University of Louisville,135,only 0701,https://louisville.edu/geogeo/graduate,,MS Applied Geography,thesis or non-thesis (exam),/,on-site,/,,mixed,GIS Concentration
139,University of Maryland-Baltimore County,137,only 0701,https://ges.umbc.edu/home/graduate-programs/degree-requirements/,,MS Geography and Environmental Systems,thesis or non-thesis (research papers),/,on-site,yes,,research,GIS Concentration
140,University of Massachusetts-Amherst,140,only 0701,https://sites.google.com/umass.edu/umass-gist/the-program?authuser=0,,MS Geography with GIST concentration,thesis or non-thesis (intern),required,on-site,/,,mixed,GIS Concentration
141,University of Miami,141,only 0701,https://geography.as.miami.edu/study/graduate/master_arts/index.html,,MA Geography,thesis,/,on-site,/,,research,GIS Concentration
142,University of Missouri-Columbia,143,only 0701,https://geography.missouri.edu/prospective-students/master-arts-geography,,MA Geography with GIS Concentration ,thesis or non-thesis (research project),/,on-site,/,,research,GIS Concentration
143,University of Nebraska at Omaha,144,only 0701,https://www.unomaha.edu/college-of-arts-and-sciences/geography/academics/graduate-programs/index.php,,MS Geography with GIST/ Geospatial Database concentration,thesis or non-thesis (exam or professional conference),/,on-site,/,,research,GIS Concentration
144,University of Nebraska-Lincoln,145,only 0701,https://graduate.unl.edu/academics/programs/GEOG-MA/,,MA Geography,thesis or non-thesis (coursework),/,on-site,/,,mixed,GIS Concentration
145,University of Nevada-Reno,146,only 0701,https://www.unr.edu/geography/graduate/graduate-program-handbook/ms-in-geography,,MA Geography,thesis or non-thesis (professional paper),/,on-site,/,,research,GIS Concentration
146,University of New Mexico-Main Campus,147,only 0701,https://catalog.unm.edu/#/programs/ByeVe79sc?group=Geography%20%26%20Environmental%20Studies&bc=true&bcCurrent=Master%20of%20Science%20in%20Geography&bcGroup=Geography%20%26%20Environmental%20Studies&bcItemType=programs,,MS Geography with GIS concentration,thesis or non-thesis (research project),/,on-site,/,,research,GIS Concentration
147,University of North Carolina at Chapel Hill,150,only 0701,https://geography.unc.edu/graduate-program/,,MA Geography with GIS and Geovisualization Concentration,thesis,/,on-site,/,,research,GIS Concentration
148,University of North Carolina at Charlotte,151,only 0701,https://geoearth.charlotte.edu/graduate-programs/masters-geography/program-concentrations/,,MA Geography with GIS Concentration ,non-thesis (research project),optional,on-site,/,,research,GIS Concentration
149,University of North Texas,154,only 0701,https://catalog.unt.edu/preview_program.php?catoid=34&poid=15417&returnto=3818,,MS Geography with Applied GIS Concentration,thesis or non-thesis (exam),/,on-site,/,,mixed,GIS Concentration
150,University of Northern Iowa,155,only 0701,https://csbs.uni.edu/geography/ma,,MA Geography with GIS & Remote Sensing Concentration,thesis or non-thesis (research project),/,on-site,yes,2 years,mixed,GIS Concentration
151,University of Oregon,157,0701 to 30,https://socialsciences.uoregon.edu/sites/default/files/2023-09/geography-graduate-handbook-for-23-24.pdf,,MA/MS Geography with GIS concentration,thesis,/,on-site,/,,research,GIS Concentration
152,University of South Carolina-Columbia,161,only 0701,https://academicbulletins.sc.edu/graduate/arts-sciences/geography/geography-ms/#requirementstext,,MS Geography with GIS concentration,thesis or non-thesis (research paper),/,on-site,/,,research,GIS Concentration
153,University of South Florida,162,0701,https://www.usf.edu/arts-sciences/departments/geosciences/graduate/ma-gpy.aspx,,MA Geography with GIScience and Spatial Analysis Concentration,thesis or non-thesis (project/paper and exam),optional for non-thesis,on-site,/,,mixed,GIS Concentration
154,University of Southern Mississippi,165,only 0701,https://catalog.usm.edu/preview_program.php?catoid=36&poid=17936&returnto=2319,,MS Geography,thesis,/,on-site,/,,research,GIS Concentration
155,University of Toledo,166,0701 to 30&0701,https://www.utoledo.edu/programs/grad/geography/,,MA Geography,thesis or non-thesis (research paper and exam),/,on-site,/,,mixed,GIS Concentration
156,University of Wisconsin-Milwaukee,173,only 0701,https://uwm.edu/geography/wp-content/uploads/sites/210/2024/04/Geography-Graduate-Student-Handbook.pdf,,MS Geography,thesis or non-thesis (research paper or intern),required for professional track,on-site,/,,mixed,GIS Concentration
157,Utah State University,175,0701 to 30&0701,https://catalog.usu.edu/preview_program.php?catoid=39&poid=38956,,MS Geography,thesis or non-thesis (project/paper and defense),/,on-site,/,,research,GIS Concentration
158,Virginia Polytechnic Institute and State University,176,only 0701,https://geography.vt.edu/academics/ms-non-thesis.html,,MS Geography,thesis or non-thesis (research project),/,on-site,yes,,research,GIS Concentration
159,West Chester University of Pennsylvania,177,only 0701,https://catalog.wcupa.edu/graduate/business-public-management/geography-planning/geography-ms/,,MS Geography,thesis or non-thesis (independent research),/,on-site,/,,mixed,GIS Concentration
160,Western Kentucky University,180,only 0701,https://www.wku.edu/geology/programs-advising/ms-in-geoscience.php,,MS Geoscience with GIS Specialization,thesis,/,on-site,yes,,research,GIS Concentration
161,Western Michigan University,181,0701 to 30&0701,https://catalog.wmich.edu/preview_program.php?catoid=27&poid=7766&returnto=1136,,MS Geography with GIS Concentration,thesis or non-thesis (research project),/,on-site,/,,mixed,GIS Concentration
162,Western Washington University,183,only 0701,https://gradschool.wwu.edu/environmental-studies,,MA Environmental Studies with Geography/GIS Specialization,thesis or non-thesis (thesis-equivalent project),/,on-site,/,,mixed,GIS Concentration
163,East Carolina University,31,,https://geography.ecu.edu/prospective-students/graduate-programs/ms-geography/,,MS Geography with Geospatial Techniques Concentration,thesis or non-thesis (intern),required for project track,on-site,/,,mixed,GIS Concentration
164,Indiana State University,44,0701 to 30&0701 to 30,"https://indianastate.edu/academics/academic-program-finder/geoscience-accelerated-ms#:~:text=Indiana%20State%20University's%20Geoscience%20Accelerated,%2C%20paleoecology%2C%20and%20quaternary%20environments.",,MS Geoscience Accelerated,thesis or non-thesis (research project),/,on-site,yes,,mixed,GIS Concentration
165,Indiana State University,44,,https://catalog.indstate.edu/preview_program.php?catoid=61&poid=11082,,MA Geography,thesis or non-thesis (research project),/,on-site,yes,,mixed,GIS Concentration
166,South Dakota State University,86,0701 to both to 30&01&02,https://www.sdstate.edu/programs/graduate/geography-ms-geographic-information-sciences-specialization,,MS Geography with GIS Specialization,thesis or non-thesis (research project or portfolio),/,on-site,/,2 years,mixed,GIS Concentration
167,University of California-Davis,114,0701 to both,https://geography.ucdavis.edu/masters-program,,MA Geography,thesis or non-thesis (exam),/,on-site,/,2 years,mixed,GIS Concentration
168,University of Kansas,133,0701 to both to 30&01&02,https://geog.ku.edu/geography-ms,,MA/MS Geography with Geoinformatics Concentration,thesis,/,on-site,/,2 years,research,GIS Concentration
169,University of Kentucky,134,0701 to both,https://geography.as.uky.edu/graduate-program,,MA Geography,thesis or non-thesis (research paper and exam),/,on-site,/,2 years,mixed,GIS Concentration
170,University of Washington-Seattle Campus,168,0701 to both to 30&01&02,https://geography.washington.edu/ma-degree-requirements,,MA Geography with GIS Concentration,thesis,/,on-site,/,2 years,research,GIS Concentration
171,University of Colorado Colorado Springs,,,https://ges.uccs.edu/academics/ma,,MA Applied Geography with GIS focus,thesis,/,hybrid,/,2 years,research,GIS Concentration
172,Oregon State University,,,https://ceoas.oregonstate.edu/geography-and-geospatial-science-graduate-program,,MS Geography and Geospatial Science,thesis or non-thesis (project),/,hybrid,/,2 years,mixed,GIS Concentration
173,Florida Atlantic University,, ,https://www.fau.edu/graduate/graduate-programs/ms-geosciences/,,MS Geoscience with GIS Focus,non-thesis (coursework),/,online,/, ,professional,GIS Concentration
174,North Carolina State University,,,https://online-distance.ncsu.edu/program/master-of-geospatial-information-science-and-technology/,,Master of Geospatial Information Science and Technology (MGIST),non-thesis (capstone project and portfolio),/,hybrid,/,2 years,professional,1 GIS Program